operator_id,total_calls,calls_per_day,missed_rate,avg_call_duration,working_days,status
879896,930,18.6,26.989247311827956,545.8290598290598,50,Normal
879898,7313,87.05952380952381,32.271297689046904,1133.8810572687225,84,Normal
880020,45,3.2142857142857144,48.888888888888886,112.25,14,Normal
880022,197,4.690476190476191,53.299492385786806,216.38571428571427,42,Crítico
880026,2232,28.98701298701299,29.03225806451613,842.4505494505495,77,Normal
880028,2560,32.82051282051282,38.7890625,726.7524752475248,78,Normal
880240,47,6.714285714285714,36.17021276595745,320.6666666666667,7,Normal
881278,20,4.0,85.0,58.125,5,Normal
882476,3,1.0,0.0,64.0,3,Normal
882478,4,4.0,25.0,22.666666666666668,1,Normal
882680,99,2.475,3.0303030303030303,142.02325581395348,40,Normal
882684,1274,20.885245901639344,17.26844583987441,1407.2987012987012,61,Normal
882686,3650,45.625,26.109589041095894,1635.7901785714287,80,Normal
882688,58,14.5,25.862068965517242,646.6666666666666,4,Normal
882690,1588,72.18181818181819,29.47103274559194,2104.253968253968,22,Normal
883018,2,2.0,100.0,0.0,1,Normal
883898,1,1.0,0.0,70.0,1,Normal
883940,638,39.875,32.60188087774294,599.1388888888889,16,Normal
883942,2107,36.96491228070175,24.822021831988607,937.1140939597316,57,Normal
884294,1,1.0,0.0,5.0,1,Normal
884402,4,4.0,25.0,71.33333333333333,1,Normal
884406,3,3.0,66.66666666666666,4.0,1,Normal
884408,60,5.0,40.0,87.04,12,Normal
884412,766,12.35483870967742,42.42819843342037,405.3185840707965,62,Normal
884478,2292,60.31578947368421,50.39267015706807,582.9764705882353,38,Crítico
884524,2,1.0,0.0,25.0,2,Normal
884946,1859,46.475,37.8698224852071,496.1829268292683,40,Normal
885682,3,1.0,100.0,0.0,3,Normal
885876,59429,612.6701030927835,39.256928435612245,15420.328621908127,97,Normal
885890,60221,752.7625,39.53272114378705,13204.703557312252,80,Normal
886146,50,5.555555555555555,38.0,348.0,9,Normal
886674,11,1.2222222222222223,0.0,18.444444444444443,9,Normal
886892,2,2.0,0.0,72.0,1,Normal
887276,1327,18.957142857142856,20.195930670685758,448.77153558052436,70,Normal
887278,308,7.333333333333333,12.337662337662337,291.1313131313131,42,Normal
887280,8,1.6,75.0,5.166666666666667,5,Normal
887282,2355,48.06122448979592,28.577494692144374,1512.0267857142858,49,Normal
887416,18,1.6363636363636365,0.0,202.36363636363637,11,Normal
887802,137,3.7027027027027026,34.306569343065696,165.51724137931035,37,Normal
887992,47,15.666666666666666,48.93617021276596,161.83333333333334,3,Normal
888406,15,1.25,40.0,56.92307692307692,12,Normal
888520,6,1.2,0.0,231.6,5,Normal
888532,200,3.7037037037037037,24.5,117.90588235294118,54,Normal
888534,376,7.09433962264151,43.08510638297872,134.8955223880597,53,Crítico
888536,54,2.347826086956522,25.925925925925924,39.935483870967744,23,Normal
888538,6,1.2,33.33333333333333,152.66666666666666,5,Normal
888540,17,1.7,29.411764705882355,130.73333333333332,10,Normal
888868,72,4.235294117647059,30.555555555555557,200.80645161290323,17,Normal
889410,1454,16.71264367816092,17.400275103163686,312.88429752066116,87,Normal
889638,4,1.3333333333333333,0.0,14.666666666666666,3,Normal
889640,2,1.0,0.0,25.0,2,Normal
889754,1687,23.430555555555557,25.666864256075872,548.2964824120603,72,Normal
890226,6,1.5,50.0,14.2,4,Normal
890228,92,3.066666666666667,34.78260869565217,129.09302325581396,30,Normal
890232,33,2.2,0.0,898.9333333333333,15,Normal
890234,1,1.0,0.0,85.0,1,Normal
890402,1782,23.76,25.084175084175087,1523.540909090909,75,Normal
890404,1865,24.866666666666667,26.541554959785525,1502.2304347826087,75,Normal
890406,1622,22.52777777777778,25.770653514180026,1640.25,72,Normal
890410,1232,17.11111111111111,35.38961038961039,1320.2380952380952,72,Normal
890412,1135,15.76388888888889,32.77533039647577,1450.7945205479452,72,Normal
890416,1271,17.410958904109588,33.35955940204563,1473.9424460431655,73,Normal
890420,695,16.162790697674417,32.94964028776978,1426.8481012658228,43,Normal
890422,402,12.96774193548387,34.57711442786069,908.3928571428571,31,Normal
890582,162,3.6,23.456790123456788,86.53030303030303,45,Normal
890618,343,7.622222222222222,40.524781341107875,321.7012987012987,45,Normal
891152,273,4.963636363636364,30.036630036630036,788.635294117647,55,Normal
891154,528,7.542857142857143,29.734848484848484,2067.0169491525426,70,Normal
891156,18,2.5714285714285716,33.33333333333333,411.90909090909093,7,Normal
891158,264,4.125,31.818181818181817,1005.0104166666666,64,Normal
891160,370,8.043478260869565,31.351351351351354,520.4657534246576,46,Normal
891162,104,4.16,31.73076923076923,370.8285714285714,25,Normal
891166,231,3.9827586206896552,27.705627705627705,666.9775280898876,58,Normal
891170,193,8.041666666666666,26.94300518134715,638.8,24,Normal
891192,1,1.0,0.0,1306.0,1,Normal
891250,2,2.0,0.0,110.0,1,Normal
891252,86,12.285714285714286,48.837209302325576,295.9230769230769,7,Crítico
891254,1,1.0,0.0,79.0,1,Normal
891410,3397,45.29333333333334,28.613482484545187,1268.7471264367816,75,Normal
891414,3001,41.68055555555556,29.756747750749753,1086.2289156626507,72,Normal
891416,900,14.754098360655737,33.0,417.8157894736842,61,Normal
891646,8,1.1428571428571428,0.0,29.857142857142858,7,Normal
891744,11,2.2,18.181818181818183,16.25,5,Normal
891746,33,11.0,39.39393939393939,185.6,3,Normal
891824,44,3.3846153846153846,25.0,148.47368421052633,13,Normal
891900,33,1.9411764705882353,0.0,234.52941176470588,17,Normal
891906,67,2.310344827586207,0.0,434.2413793103448,29,Normal
891908,48,1.7142857142857142,12.5,295.875,28,Normal
891918,6,1.0,16.666666666666664,52.5,6,Normal
891946,48,2.2857142857142856,39.58333333333333,73.33333333333333,21,Normal
891948,1,1.0,0.0,33.0,1,Normal
891970,15,15.0,60.0,276.5,1,Normal
891976,2,2.0,100.0,0.0,1,Normal
891988,888,13.661538461538461,12.5,550.9702380952381,65,Normal
892028,1337,40.515151515151516,36.873597606581896,479.25,33,Normal
892530,18,1.5,38.88888888888889,44.06666666666667,12,Normal
892532,155,4.84375,20.64516129032258,168.22388059701493,32,Normal
892534,39,4.333333333333333,12.82051282051282,731.2142857142857,9,Normal
892536,29,1.7058823529411764,24.137931034482758,134.42857142857142,17,Normal
892538,126,10.5,27.77777777777778,365.92,12,Normal
892798,37,12.333333333333334,81.08108108108108,56.75,3,Normal
892800,8,4.0,37.5,430.3333333333333,2,Normal
893172,41,1.7826086956521738,4.878048780487805,148.04,23,Normal
893400,5,2.5,20.0,18.0,2,Normal
893402,389,5.328767123287672,6.169665809768637,270.5213675213675,73,Normal
893420,235,4.351851851851852,5.106382978723404,267.09722222222223,54,Normal
893674,2468,58.76190476190476,36.102106969205835,699.9036144578313,42,Normal
893700,6,3.0,50.0,22.666666666666668,2,Normal
893804,5846,62.86021505376344,22.630858706808073,977.280276816609,93,Normal
894120,18,2.0,5.555555555555555,157.22222222222223,9,Normal
894224,44,4.888888888888889,77.27272727272727,55.1764705882353,9,Normal
894226,24,4.0,66.66666666666666,10.272727272727273,6,Normal
894230,21,3.5,52.38095238095239,54.75,6,Normal
894232,20,2.0,50.0,28.923076923076923,10,Normal
894614,8,1.6,12.5,244.5,5,Normal
894656,3187,46.18840579710145,41.32412927518042,818.1764705882352,69,Normal
894662,38,3.4545454545454546,34.21052631578947,539.8888888888889,11,Normal
894934,19,9.5,94.73684210526315,10.0,2,Normal
895140,4,2.0,0.0,45.5,2,Normal
895170,11,1.1,0.0,76.4,10,Normal
895172,90,4.285714285714286,44.44444444444444,168.48717948717947,21,Crítico
895266,3,1.5,33.33333333333333,11.666666666666666,2,Normal
895370,10,10.0,30.0,108.5,1,Normal
895574,96,2.0869565217391304,3.125,238.93617021276594,46,Normal
895576,70,1.794871794871795,1.4285714285714286,137.975,39,Normal
895578,57,1.5405405405405406,0.0,121.56756756756756,37,Normal
895598,5,1.6666666666666667,20.0,18.0,3,Normal
895774,118,5.130434782608695,42.3728813559322,184.71794871794873,23,Normal
895776,251,10.458333333333334,41.43426294820717,208.71698113207546,24,Normal
895782,13,1.625,0.0,60.875,8,Normal
895786,36,2.5714285714285716,0.0,149.5,14,Normal
896008,193,3.1639344262295084,17.616580310880828,165.76,61,Normal
896010,14,1.75,28.57142857142857,49.2,8,Normal
896012,244,4.0,0.4098360655737705,487.11290322580646,61,Normal
896014,22,1.2941176470588236,31.818181818181817,54.833333333333336,17,Normal
896016,325,5.701754385964913,33.84615384615385,118.45323741007195,57,Normal
896018,17,1.3076923076923077,23.52941176470588,27.866666666666667,13,Normal
896020,16,5.333333333333333,0.0,157.33333333333334,3,Normal
896382,428,35.666666666666664,36.44859813084112,1091.1612903225807,12,Normal
896384,28,14.0,46.42857142857143,1038.0,2,Normal
896386,76,76.0,52.63157894736842,2068.0,1,Crítico
896390,97,16.166666666666668,47.42268041237113,840.4,6,Crítico
896428,208,12.235294117647058,24.03846153846154,462.7692307692308,17,Normal
896430,15,5.0,33.33333333333333,147.6,3,Normal
896536,182,2.935483870967742,1.098901098901099,356.6268656716418,62,Normal
896538,14,1.2727272727272727,7.142857142857142,189.72727272727272,11,Normal
896708,218,18.166666666666668,27.981651376146786,701.0,12,Normal
897030,81,7.363636363636363,50.617283950617285,202.8095238095238,11,Crítico
897872,52,2.736842105263158,28.846153846153843,171.89655172413794,19,Normal
897894,19,3.8,0.0,1846.0,5,Normal
898414,83,41.5,30.120481927710845,597.2857142857143,2,Normal
898422,87,7.25,13.793103448275861,263.8181818181818,12,Normal
898434,10,3.3333333333333335,90.0,1.0,3,Normal
898558,22,1.8333333333333333,0.0,66.66666666666667,12,Normal
898560,19,2.375,0.0,144.0,8,Normal
898676,2,1.0,0.0,78.5,2,Normal
898892,94,3.1333333333333333,27.659574468085108,122.6086956521739,30,Normal
898902,22,4.4,45.45454545454545,95.14285714285714,5,Normal
898906,146,29.2,28.08219178082192,715.6153846153846,5,Normal
898920,50,25.0,16.0,946.0,2,Normal
899076,2,2.0,100.0,0.0,1,Normal
899082,2166,30.507042253521128,22.160664819944596,431.81951219512194,71,Normal
899250,1660,19.302325581395348,31.204819277108438,296.0462962962963,86,Normal
899268,31,1.2916666666666667,6.451612903225806,131.91666666666666,24,Normal
899788,603,33.5,54.22885572139303,1464.6410256410256,18,Crítico
899790,716,39.77777777777778,55.02793296089386,2256.060606060606,18,Crítico
899892,3,1.0,0.0,63.666666666666664,3,Normal
899898,2,1.0,0.0,590.0,2,Normal
899900,2,1.0,0.0,191.0,2,Normal
899906,1,1.0,0.0,626.0,1,Normal
899912,1,1.0,0.0,189.0,1,Normal
899932,711,37.421052631578945,49.507735583684955,2137.139534883721,19,Crítico
899964,418,27.866666666666667,41.866028708133975,2100.896551724138,15,Normal
899968,364,24.266666666666666,46.97802197802198,1592.3,15,Crítico
899972,191,11.9375,54.45026178010471,728.625,16,Crítico
900180,1691,37.577777777777776,38.4387936132466,621.6923076923077,45,Normal
900192,2,2.0,50.0,1.0,1,Normal
900194,98,2.227272727272727,21.428571428571427,248.75806451612902,44,Normal
900352,490,8.166666666666666,22.448979591836736,342.50735294117646,60,Normal
900354,619,10.491525423728813,26.17124394184168,367.3422818791946,59,Normal
900458,29,3.625,68.96551724137932,32.0,8,Normal
900492,251,4.5636363636363635,45.41832669322709,108.94174757281553,55,Crítico
900592,374,9.35,5.614973262032086,351.962962962963,40,Normal
900594,235,5.0,18.29787234042553,358.2289156626506,47,Normal
900614,56,2.24,10.714285714285714,98.54285714285714,25,Normal
900742,38,3.4545454545454546,18.421052631578945,93.58823529411765,11,Normal
900746,75,5.0,21.333333333333336,171.6,15,Normal
900788,216,4.695652173913044,12.962962962962962,306.65,46,Normal
900790,99,8.25,15.151515151515152,328.28,12,Normal
900792,8,2.6666666666666665,37.5,28.2,3,Normal
900826,596,7.740259740259741,31.3758389261745,327.5212121212121,77,Normal
900892,1262,16.17948717948718,31.695721077654515,356.8170731707317,78,Normal
900894,328,4.96969696969697,19.20731707317073,222.7537313432836,66,Normal
901034,25,1.5625,28.000000000000004,109.3529411764706,16,Normal
901038,38,2.235294117647059,15.789473684210526,195.92307692307693,17,Normal
901178,313,10.433333333333334,5.7507987220447285,458.46666666666664,30,Normal
901350,92,2.875,0.0,108.90625,32,Normal
901492,33,1.32,3.0303030303030303,111.14814814814815,25,Normal
901498,5,1.25,0.0,49.5,4,Normal
901584,276,4.6,16.666666666666664,154.85,60,Normal
901586,135,3.5526315789473686,7.4074074074074066,172.03389830508473,38,Normal
901588,82,2.484848484848485,15.853658536585366,176.35555555555555,33,Normal
901734,28,2.1538461538461537,0.0,176.92307692307693,13,Normal
901880,4187,47.57954545454545,17.673752089801766,1431.8543046357615,88,Normal
901884,2590,29.770114942528735,23.822393822393824,918.3312693498452,87,Normal
901886,1559,30.568627450980394,31.3662604233483,755.9677419354839,51,Normal
901894,30,3.3333333333333335,0.0,344.55555555555554,9,Normal
901992,682,37.888888888888886,41.49560117302053,1053.15,18,Normal
901996,29,14.5,41.37931034482759,185.6,2,Normal
902238,2,2.0,50.0,10.5,1,Normal
902510,1964,37.056603773584904,32.942973523421585,1243.6942148760331,53,Normal
902532,1106,27.65,24.593128390596743,987.4636363636364,40,Normal
902608,232,25.77777777777778,40.08620689655172,394.27272727272725,9,Normal
902720,2419,51.46808510638298,63.00124018189335,631.3730158730159,47,Crítico
902742,1173,39.1,49.61636828644501,2051.5846153846155,30,Crítico
902744,3149,98.40625,67.22769133058114,1188.8271604938273,32,Crítico
902746,2452,79.09677419354838,61.908646003262646,1819.4324324324325,31,Crítico
902748,2542,101.68,61.52635719905586,1145.5862068965516,25,Crítico
902774,1109,46.208333333333336,54.01262398557258,1126.125,24,Crítico
902776,1581,98.8125,66.09740670461733,1692.6190476190477,16,Crítico
902778,1300,56.52173913043478,69.6923076923077,1760.0625,23,Crítico
902782,1302,50.07692307692308,55.76036866359447,2644.9836065573772,26,Crítico
902906,48,1.2307692307692308,0.0,137.43589743589743,39,Normal
902910,28,1.4,3.571428571428571,81.35,20,Normal
903254,1708,20.829268292682926,21.07728337236534,470.3755656108597,82,Normal
903292,343,38.111111111111114,33.52769679300292,1206.65,9,Normal
903312,180,3.6,10.555555555555555,218.78205128205127,50,Normal
903318,1459,23.158730158730158,25.291295407813568,1002.4922279792746,63,Normal
903390,9,1.2857142857142858,0.0,68.57142857142857,7,Normal
903512,28,1.75,0.0,143.58823529411765,16,Normal
903974,10,5.0,0.0,46.5,2,Normal
903976,5,2.5,0.0,67.0,2,Normal
903978,10,3.3333333333333335,50.0,35.5,3,Normal
904014,1290,46.07142857142857,41.08527131782946,865.0735294117648,28,Normal
904016,4731,102.84782608695652,49.86260832804904,1142.4833333333333,46,Crítico
904038,677,8.679487179487179,12.703101920236337,729.8802395209581,78,Normal
904044,131,2.977272727272727,12.213740458015266,523.85,44,Normal
904058,19,1.1176470588235294,0.0,73.0,17,Normal
904200,17,1.7,23.52941176470588,29.90909090909091,10,Normal
904202,240,26.666666666666668,37.916666666666664,656.24,9,Normal
904204,59,3.2777777777777777,42.3728813559322,73.33333333333333,18,Normal
904284,47,1.6206896551724137,0.0,95.89655172413794,29,Normal
904344,9,9.0,88.88888888888889,46.0,1,Normal
904372,3,1.5,0.0,22.5,2,Normal
905082,2,2.0,0.0,5.0,1,Normal
905104,483,8.473684210526315,13.457556935817806,251.77464788732394,57,Normal
905300,25,1.6666666666666667,24.0,30.4375,15,Normal
905308,3,3.0,100.0,0.0,1,Normal
905430,847,49.8235294117647,31.87721369539551,1472.12,17,Normal
905432,738,61.5,39.295392953929536,1504.7333333333333,12,Normal
905470,3,3.0,0.0,94.0,1,Normal
905472,10,5.0,70.0,23.0,2,Normal
905478,1,1.0,0.0,22.0,1,Normal
905480,1,1.0,100.0,0.0,1,Normal
905538,3413,59.87719298245614,32.112510987401116,677.2489795918367,57,Normal
905542,2102,36.87719298245614,24.643196955280686,598.2890995260664,57,Normal
905564,751,15.02,29.560585885486017,215.305,50,Normal
905566,905,15.338983050847459,25.96685082872928,237.23834196891193,59,Normal
905570,96,2.823529411764706,17.708333333333336,137.92857142857142,34,Normal
905574,432,9.191489361702128,33.56481481481482,135.92727272727274,47,Normal
905840,7,1.1666666666666667,42.857142857142854,66.66666666666667,6,Normal
905842,1033,16.934426229508198,59.825750242013555,714.3697478991596,61,Crítico
905844,1045,18.333333333333332,40.86124401913875,505.4672131147541,57,Normal
905862,103,3.0294117647058822,15.53398058252427,221.42105263157896,34,Normal
905870,702,19.5,23.504273504273502,678.5,36,Normal
905930,407,8.306122448979592,25.7985257985258,311.0521739130435,49,Normal
905932,370,7.708333333333333,29.45945945945946,345.8141592920354,48,Normal
905934,21,1.6153846153846154,28.57142857142857,322.93333333333334,13,Normal
906070,395,21.944444444444443,10.379746835443038,1438.4864864864865,18,Normal
906076,25,12.5,4.0,897.0,2,Normal
906294,598,12.204081632653061,12.709030100334449,335.9117647058824,49,Normal
906296,201,4.02,21.393034825870647,96.06976744186046,50,Normal
906392,71,3.227272727272727,76.05633802816901,60.4,22,Normal
906394,550,15.277777777777779,27.636363636363637,463.390243902439,36,Normal
906396,539,14.567567567567568,29.12801484230056,316.73809523809524,37,Normal
906398,104,2.888888888888889,16.346153846153847,173.44642857142858,36,Normal
906400,556,14.256410256410257,16.18705035971223,244.51973684210526,39,Normal
906402,24,2.4,29.166666666666668,105.3529411764706,10,Normal
906404,1114,30.10810810810811,12.746858168761221,840.1103896103896,37,Normal
906406,1851,44.07142857142857,16.639654240950836,667.256157635468,42,Normal
906408,328,13.666666666666666,14.329268292682926,540.9672131147541,24,Normal
906410,251,8.366666666666667,5.179282868525896,349.1914893617021,30,Normal
906412,341,11.366666666666667,28.152492668621704,205.07777777777778,30,Normal
906416,82,4.555555555555555,19.51219512195122,377.6388888888889,18,Normal
906418,8,2.0,25.0,67.83333333333333,4,Normal
906420,34,3.7777777777777777,38.23529411764706,189.93333333333334,9,Normal
906680,355,5.916666666666667,17.464788732394364,157.48360655737704,60,Normal
906866,655,43.666666666666664,29.923664122137406,779.8965517241379,15,Normal
907174,2533,49.666666666666664,30.55665219107777,1015.1652173913044,51,Normal
907178,177,5.057142857142857,49.152542372881356,114.390625,35,Crítico
907180,74,3.7,36.486486486486484,162.16666666666666,20,Normal
907182,295,5.9,16.271186440677965,190.96330275229357,50,Normal
907224,347,6.087719298245614,25.072046109510087,211.73972602739727,57,Normal
907440,173,3.760869565217391,17.341040462427745,110.27710843373494,46,Normal
907442,89,2.78125,38.20224719101123,69.17021276595744,32,Normal
907502,242,4.172413793103448,0.8264462809917356,202.26666666666668,58,Normal
907504,30,3.0,23.333333333333332,34.76923076923077,10,Normal
907618,1,1.0,0.0,39.0,1,Normal
907952,230,4.035087719298246,8.26086956521739,178.45871559633028,57,Normal
907964,77,3.08,20.77922077922078,190.4,25,Normal
907970,182,3.64,17.032967032967033,171.75294117647059,50,Normal
907972,13,1.8571428571428572,30.76923076923077,83.0,7,Normal
907974,3,1.0,0.0,427.0,3,Normal
907982,153,3.25531914893617,10.457516339869281,156.13253012048193,47,Normal
907986,448,10.418604651162791,12.053571428571429,176.35135135135135,43,Normal
907994,143,3.4047619047619047,13.986013986013987,216.91139240506328,42,Normal
907998,2,2.0,0.0,23.0,1,Normal
908002,22,2.75,36.36363636363637,22.0,8,Normal
908078,98,2.8823529411764706,7.142857142857142,142.34782608695653,34,Normal
908080,6,1.5,0.0,172.0,4,Normal
908082,47,2.238095238095238,6.382978723404255,175.75862068965517,21,Normal
908098,6,2.0,0.0,77.0,3,Normal
908130,3,1.0,0.0,74.66666666666667,3,Normal
908152,13,1.4444444444444444,0.0,71.44444444444444,9,Normal
908162,3,1.5,0.0,140.5,2,Normal
908180,1,1.0,0.0,6.0,1,Normal
908300,3,3.0,0.0,14.5,1,Normal
908640,14239,749.421052631579,57.335487042629396,6018.697674418605,19,Crítico
908718,3,3.0,66.66666666666666,14.666666666666666,1,Normal
908834,24,6.0,4.166666666666666,342.2,4,Normal
908958,1059,13.405063291139241,5.193578847969783,767.6713286713286,79,Normal
908960,808,10.493506493506494,5.693069306930694,463.1698113207547,77,Normal
908984,8,8.0,37.5,135.5,1,Normal
909134,202,3.2063492063492065,2.9702970297029703,416.8857142857143,63,Normal
909308,15,5.0,100.0,0.0,3,Normal
909392,5,1.0,0.0,102.6,5,Normal
909452,8,8.0,0.0,3394.0,1,Normal
909502,786,43.666666666666664,37.786259541984734,1350.2222222222222,18,Normal
909624,3,3.0,0.0,77.5,1,Normal
909768,14,1.0,0.0,278.64285714285717,14,Normal
909892,8,2.6666666666666665,25.0,95.4,3,Normal
909894,1,1.0,0.0,19.0,1,Normal
909896,1,1.0,0.0,16.0,1,Normal
909910,318,6.489795918367347,31.446540880503143,258.01724137931035,49,Normal
910018,123,2.617021276595745,0.0,473.72,47,Normal
910038,2,1.0,0.0,102.0,2,Normal
910044,19,1.9,0.0,250.7,10,Normal
910224,11,1.375,0.0,41.625,8,Normal
910226,8,1.0,25.0,43.375,8,Normal
910516,32,1.4545454545454546,0.0,89.54545454545455,22,Normal
910520,198,6.1875,31.313131313131315,339.28,32,Normal
910524,85,17.0,38.82352941176471,587.6,5,Normal
910530,1061,75.78571428571429,35.061262959472195,1744.142857142857,14,Normal
910532,151,13.727272727272727,30.4635761589404,505.4117647058824,11,Normal
910540,154,2.75,0.6493506493506493,504.6034482758621,56,Normal
910594,28,28.0,82.14285714285714,40.5,1,Normal
910902,15,1.875,0.0,719.25,8,Normal
910926,25,3.5714285714285716,0.0,1446.4285714285713,7,Normal
910958,13,1.4444444444444444,0.0,79.2,9,Normal
911102,27,1.5,11.11111111111111,58.15,18,Normal
911104,1,1.0,0.0,137.0,1,Normal
911136,211,4.688888888888889,0.47393364928909953,597.304347826087,45,Normal
911138,289,5.351851851851852,1.0380622837370241,667.0,54,Normal
911140,70,2.1875,2.857142857142857,266.54545454545456,32,Normal
911142,20,1.5384615384615385,10.0,51.5,13,Normal
911152,2,2.0,0.0,59.0,1,Normal
911214,2,1.0,0.0,10.5,2,Normal
911310,496,9.185185185185185,8.064516129032258,349.96666666666664,54,Normal
912010,144,2.938775510204082,1.3888888888888888,157.98076923076923,49,Normal
912252,263,5.717391304347826,29.65779467680608,258.9032258064516,46,Normal
912296,656,14.26086956521739,25.304878048780488,429.8943089430894,46,Normal
912684,27,1.9285714285714286,3.7037037037037033,140.5,14,Normal
912722,538,10.549019607843137,25.092936802973973,211.96236559139786,51,Normal
913474,10,5.0,30.0,42.25,2,Normal
913780,5,1.6666666666666667,0.0,87.33333333333333,3,Normal
913788,1756,26.606060606060606,18.621867881548976,656.1724137931035,66,Normal
913868,37,18.5,48.64864864864865,162.75,2,Normal
913886,2,1.0,50.0,19.0,2,Normal
913938,5174,79.6,2.3965983764978738,2497.6824324324325,65,Normal
913942,2907,51.0,7.499140006879945,1622.1703703703704,57,Normal
913984,7,3.5,71.42857142857143,71.0,2,Normal
914036,18,9.0,44.44444444444444,375.0,2,Normal
914050,399,16.625,50.6265664160401,822.24,24,Crítico
914052,1368,29.73913043478261,68.05555555555556,288.59302325581393,46,Crítico
914168,11,2.75,18.181818181818183,197.83333333333334,4,Normal
914170,16,2.6666666666666665,18.75,305.625,6,Normal
914172,6,3.0,0.0,56.5,2,Normal
914238,335,13.958333333333334,6.865671641791045,318.5882352941176,24,Normal
914240,46,11.5,43.47826086956522,276.5,4,Normal
914256,25,1.5625,0.0,87.4375,16,Normal
914266,5,2.5,0.0,24.0,2,Normal
914272,1,1.0,100.0,0.0,1,Normal
914338,48,8.0,33.33333333333333,95.91666666666667,6,Normal
914348,6,1.5,16.666666666666664,338.25,4,Normal
914426,7,2.3333333333333335,14.285714285714285,109.8,3,Normal
914440,31,1.7222222222222223,6.451612903225806,182.2,18,Normal
914626,1,1.0,100.0,0.0,1,Normal
914630,155,5.344827586206897,43.87096774193549,278.2708333333333,29,Crítico
914636,18,3.0,33.33333333333333,179.8181818181818,6,Normal
914816,7,1.75,42.857142857142854,221.71428571428572,4,Normal
914842,6,1.0,0.0,289.6666666666667,6,Normal
914848,17,4.25,35.294117647058826,137.71428571428572,4,Normal
914870,9,1.8,44.44444444444444,45.833333333333336,5,Normal
915358,253,6.837837837837838,16.600790513833992,139.640625,37,Normal
915360,271,6.609756097560975,19.18819188191882,251.02597402597402,41,Normal
915504,33,8.25,66.66666666666666,686.0,4,Normal
915556,2295,34.25373134328358,54.42265795206972,954.1827411167512,67,Crítico
915558,161,13.416666666666666,44.099378881987576,505.76,12,Crítico
915614,64,6.4,53.125,82.94444444444444,10,Normal
915958,30,4.285714285714286,13.333333333333334,312.06666666666666,7,Normal
916424,545,17.03125,12.110091743119266,544.5394736842105,32,Normal
916596,30,15.0,36.666666666666664,503.6666666666667,2,Normal
916618,157,4.361111111111111,8.280254777070063,199.0,36,Normal
917234,1179,42.107142857142854,39.270568278201864,1075.72131147541,28,Normal
917252,18,2.5714285714285716,27.77777777777778,78.83333333333333,7,Normal
917378,16,2.6666666666666665,50.0,53.5,6,Normal
917446,15,2.5,40.0,87.66666666666667,6,Normal
917680,45,5.0,66.66666666666666,50.333333333333336,9,Normal
917682,7,7.0,71.42857142857143,7.5,1,Normal
917846,35,3.888888888888889,25.71428571428571,303.3333333333333,9,Normal
917850,328,7.130434782608695,9.75609756097561,187.65040650406505,46,Normal
917852,1392,29.617021276595743,16.954022988505745,678.0,47,Normal
917856,77,3.08,18.181818181818183,291.59375,25,Normal
917858,3,1.5,66.66666666666666,76.5,2,Normal
917876,10,1.25,0.0,45.111111111111114,8,Normal
917890,1,1.0,0.0,647.0,1,Normal
918390,246,3.967741935483871,12.601626016260163,1639.138888888889,62,Normal
918436,762,38.1,38.976377952755904,788.3913043478261,20,Normal
918452,313,7.634146341463414,19.488817891373802,274.10526315789474,41,Normal
918888,11,1.1,36.36363636363637,13.818181818181818,10,Normal
918956,19,3.1666666666666665,36.84210526315789,52.2,6,Normal
918958,9,4.5,77.77777777777779,10.5,2,Normal
918978,1983,43.108695652173914,17.75088250126072,1192.0827067669172,46,Normal
918986,1963,42.67391304347826,21.803362200713195,1085.6076923076923,46,Normal
918988,2,2.0,50.0,8.0,1,Normal
919126,291,29.1,47.42268041237113,371.7,10,Crítico
919128,388,77.6,98.19587628865979,42.888888888888886,5,Crítico
919162,2757,172.3125,43.48929996372869,4059.0,16,Crítico
919164,658,73.11111111111111,1.0638297872340425,1716.3636363636363,9,Normal
919166,1013,92.0909090909091,0.7897334649555774,2454.625,11,Normal
919188,831,118.71428571428571,40.19253910950662,3927.1666666666665,7,Normal
919190,85,42.5,70.58823529411765,470.4,2,Crítico
919192,2158,134.875,46.06116774791474,3948.5,16,Crítico
919194,1295,71.94444444444444,41.77606177606177,3523.8823529411766,18,Normal
919196,2713,159.58823529411765,42.27792112053078,4069.970588235294,17,Normal
919198,1066,96.9090909090909,44.18386491557224,1877.7619047619048,11,Crítico
919200,1242,103.5,43.71980676328502,3051.153846153846,12,Crítico
919202,2433,135.16666666666666,44.019728729963006,3979.222222222222,18,Crítico
919204,1176,106.9090909090909,1.1054421768707483,3925.7916666666665,11,Normal
919206,927,84.27272727272727,0.9708737864077669,1638.15,11,Normal
919214,19,1.9,5.263157894736842,250.9090909090909,10,Normal
919218,308,19.25,48.37662337662338,445.9347826086956,16,Crítico
919302,2312,136.0,44.67993079584775,6706.878787878788,17,Crítico
919306,1504,115.6923076923077,40.226063829787236,3964.04,13,Normal
919310,2077,90.30434782608695,42.41694752046221,1468.7906976744187,23,Normal
919314,2416,172.57142857142858,47.102649006622514,2714.4285714285716,14,Crítico
919318,1813,120.86666666666666,53.06122448979592,1040.1,15,Crítico
919362,2326,166.14285714285714,45.399828030954424,4357.357142857143,14,Crítico
919364,4820,229.52380952380952,55.767634854771785,2397.756097560976,21,Crítico
919370,1324,110.33333333333333,48.413897280966765,3296.3333333333335,12,Crítico
919372,1563,120.23076923076923,52.335252719129876,1351.0384615384614,13,Crítico
919374,2021,144.35714285714286,51.31123206333498,2235.6428571428573,14,Crítico
919376,1284,116.72727272727273,40.654205607476634,3105.913043478261,11,Normal
919378,1114,139.25,56.01436265709157,2213.125,8,Crítico
919382,1629,135.75,62.67648864333947,1254.0434782608695,12,Crítico
919390,721,103.0,60.332871012482656,954.0714285714286,7,Crítico
919418,2,2.0,100.0,0.0,1,Normal
919456,1147,95.58333333333333,50.91543156059285,1850.5833333333333,12,Crítico
919464,1289,99.15384615384616,51.202482544608216,2355.4,13,Crítico
919476,1871,133.64285714285714,45.85783003741315,2361.464285714286,14,Crítico
919482,1392,126.54545454545455,46.695402298850574,3671.6363636363635,11,Crítico
919490,1668,128.30769230769232,48.561151079136685,2820.96,13,Crítico
919504,1971,164.25,37.64586504312531,3390.5416666666665,12,Normal
919536,10,3.3333333333333335,60.0,62.57142857142857,3,Normal
919552,1152,18.285714285714285,1.128472222222222,1336.2075471698113,63,Normal
919554,1193,18.640625,1.173512154233026,1380.654761904762,64,Normal
919790,1601,27.135593220338983,0.43722673329169265,1430.581081081081,59,Normal
919792,818,14.607142857142858,1.2224938875305624,696.6947368421053,56,Normal
919794,1157,37.32258064516129,0.6914433880726015,2141.4761904761904,31,Normal
919896,5,1.6666666666666667,20.0,120.75,3,Normal
919906,1497,93.5625,44.68937875751503,2737.029411764706,16,Crítico
919910,327,27.25,41.284403669724774,918.375,12,Normal
919956,12,1.0909090909090908,0.0,17.416666666666668,11,Normal
919958,2,2.0,0.0,38.0,1,Normal
919994,20,1.6666666666666667,0.0,154.66666666666666,12,Normal
920146,84,5.25,41.66666666666667,164.05882352941177,16,Normal
920414,1266,126.6,47.788309636650865,3569.4,10,Crítico
920416,1576,112.57142857142857,71.25634517766497,996.2222222222222,14,Crítico
920666,442,10.523809523809524,13.122171945701359,621.94,42,Normal
920706,208,6.709677419354839,29.326923076923077,253.27142857142857,31,Normal
920720,314,8.051282051282051,23.56687898089172,309.87368421052633,39,Normal
920726,110,4.230769230769231,15.454545454545453,174.08,26,Normal
920728,300,8.108108108108109,18.333333333333332,445.6027397260274,37,Normal
920732,273,9.75,15.75091575091575,507.51612903225805,28,Normal
920838,237,7.181818181818182,26.582278481012654,343.06849315068496,33,Normal
920852,469,12.025641025641026,18.123667377398718,340.3762376237624,39,Normal
920874,33,1.736842105263158,0.0,234.68421052631578,19,Normal
920902,65,2.7083333333333335,13.846153846153847,152.24242424242425,24,Normal
920928,15,3.0,40.0,23.333333333333332,5,Normal
920930,1,1.0,0.0,21.0,1,Normal
920982,51,1.8888888888888888,0.0,258.51851851851853,27,Normal
921062,119,3.4,4.201680672268908,292.35135135135135,35,Normal
921102,28,1.8666666666666667,32.142857142857146,91.78947368421052,15,Normal
921104,15,3.0,40.0,89.85714285714286,5,Normal
921116,102,4.08,26.47058823529412,179.2,25,Normal
921306,940,20.0,21.808510638297875,438.5079365079365,47,Normal
921316,80,3.8095238095238093,57.49999999999999,90.29729729729729,21,Crítico
921318,4883,108.5111111111111,30.595945115707558,1938.158940397351,45,Normal
921320,348,13.384615384615385,33.04597701149425,228.55,26,Normal
921574,1506,136.9090909090909,44.55511288180611,3759.818181818182,11,Crítico
921584,1266,90.42857142857143,59.87361769352291,664.5185185185185,14,Crítico
921592,1602,133.5,38.826466916354555,2038.25,12,Normal
921594,1078,119.77777777777777,46.103896103896105,2918.277777777778,9,Crítico
921596,1270,115.45454545454545,43.46456692913386,2947.9545454545455,11,Crítico
921814,85,9.444444444444445,16.470588235294116,189.54545454545453,9,Normal
921818,3914,65.23333333333333,15.099642309657641,1009.0253807106599,60,Normal
922114,12,2.4,8.333333333333332,145.71428571428572,5,Normal
922142,733,14.096153846153847,45.1568894952251,362.3269230769231,52,Crítico
922154,2,1.0,0.0,50.0,2,Normal
922356,18,2.0,0.0,332.22222222222223,9,Normal
922428,231,8.884615384615385,22.51082251082251,423.6029411764706,26,Normal
922474,274,15.222222222222221,21.532846715328464,328.57142857142856,18,Normal
922476,196,15.076923076923077,30.102040816326532,586.0714285714286,13,Normal
922486,6,1.2,66.66666666666666,55.0,5,Normal
922698,16,5.333333333333333,62.5,23.571428571428573,3,Normal
922710,1590,132.5,51.0062893081761,2329.125,12,Crítico
923250,148,7.7894736842105265,0.0,2435.2631578947367,19,Normal
923254,10,2.5,0.0,676.25,4,Normal
923526,2733,45.55,17.819246249542626,629.2295081967213,60,Normal
923528,757,13.763636363636364,19.815059445178335,207.0873015873016,55,Normal
923646,1,1.0,0.0,14.0,1,Normal
923666,1805,112.8125,41.662049861495845,3702.212121212121,16,Normal
923744,1,1.0,0.0,55.0,1,Normal
923944,41,1.4642857142857142,0.0,75.28571428571429,28,Normal
924356,262,9.703703703703704,36.25954198473282,215.23880597014926,27,Normal
924370,14,1.4,7.142857142857142,84.54545454545455,10,Normal
924544,117,3.4411764705882355,3.418803418803419,271.77272727272725,34,Normal
924546,115,3.7096774193548385,8.695652173913043,428.44444444444446,31,Normal
924572,1,1.0,100.0,0.0,1,Normal
924614,22,5.5,72.72727272727273,38.833333333333336,4,Normal
924662,1,1.0,0.0,28.0,1,Normal
924928,79,3.16,12.658227848101266,184.88372093023256,25,Normal
924930,245,7.903225806451613,24.489795918367346,275.29761904761904,31,Normal
924932,31,1.9375,9.67741935483871,114.34782608695652,16,Normal
924934,574,20.5,28.745644599303137,379.0792079207921,28,Normal
924936,8,1.3333333333333333,25.0,80.33333333333333,6,Normal
924940,201,7.178571428571429,34.82587064676617,237.20289855072463,28,Normal
924946,48,3.6923076923076925,33.33333333333333,321.24,13,Normal
924948,253,6.837837837837838,31.620553359683797,238.0989010989011,37,Normal
924950,312,8.0,19.230769230769234,305.9158878504673,39,Normal
924952,112,3.8620689655172415,25.0,155.1578947368421,29,Normal
924954,137,6.2272727272727275,28.467153284671532,220.77586206896552,22,Normal
924956,94,3.76,24.46808510638298,167.2391304347826,25,Normal
924958,244,6.9714285714285715,31.557377049180328,189.69072164948454,35,Normal
924960,284,6.761904761904762,28.169014084507044,163.67164179104478,42,Normal
925104,2056,35.44827586206897,18.96887159533074,711.2874251497007,58,Normal
925106,21,1.5,0.0,68.93333333333334,14,Normal
925134,44,44.0,22.727272727272727,1847.5,1,Normal
925808,11,1.375,0.0,76.77777777777777,8,Normal
925826,667,17.55263157894737,25.337331334332834,580.2727272727273,38,Normal
925828,589,16.82857142857143,32.597623089983024,568.91,35,Normal
925922,20021,834.2083333333334,46.24144648119475,11353.17808219178,24,Crítico
926184,67,4.785714285714286,19.402985074626866,254.88888888888889,14,Normal
926214,3,3.0,0.0,277.0,1,Normal
926312,140,5.384615384615385,55.00000000000001,332.86538461538464,26,Crítico
926486,2294,49.869565217391305,51.5693112467306,1970.7142857142858,46,Crítico
926490,144,5.142857142857143,41.66666666666667,340.4313725490196,28,Normal
926872,31,2.3846153846153846,22.58064516129032,124.36842105263158,13,Normal
927070,32,1.6,0.0,250.95,20,Normal
927142,7,1.4,28.57142857142857,339.85714285714283,5,Normal
927908,5,1.6666666666666667,0.0,299.3333333333333,3,Normal
927910,23,2.875,4.3478260869565215,261.6666666666667,8,Normal
927912,17,2.4285714285714284,5.88235294117647,317.5,7,Normal
927916,560,25.454545454545453,18.928571428571427,587.15,22,Normal
928022,4,2.0,0.0,74.0,2,Normal
928092,5,1.6666666666666667,0.0,57.666666666666664,3,Normal
928142,7,1.0,0.0,24.285714285714285,7,Normal
928202,25,1.7857142857142858,0.0,429.92857142857144,14,Normal
928228,47,23.5,46.808510638297875,779.0,2,Normal
928282,2,1.0,100.0,0.0,2,Normal
928284,2,2.0,100.0,0.0,1,Normal
928312,1869,47.92307692307692,37.77421080791867,575.0618556701031,39,Normal
928382,18,2.0,33.33333333333333,19.2,9,Normal
928404,5,1.6666666666666667,0.0,95.33333333333333,3,Normal
928518,312,104.0,36.217948717948715,2024.1666666666667,3,Normal
928886,734,21.58823529411765,39.509536784741144,2414.7978723404253,34,Normal
928888,867,24.771428571428572,25.720876585928487,617.2616822429907,35,Normal
928926,16,4.0,56.25,59.0,4,Normal
929228,88,4.190476190476191,30.681818181818183,163.36363636363637,21,Normal
929332,36,2.4,0.0,641.0,15,Normal
929340,8,1.3333333333333333,0.0,236.0,6,Normal
929424,5229,106.71428571428571,34.13654618473896,1157.1023622047244,49,Normal
929426,11189,349.65625,56.72535525962999,4308.080645161291,32,Crítico
929428,23754,719.8181818181819,80.4832870253431,4263.3538461538465,33,Crítico
929542,2,1.0,50.0,6.0,2,Normal
929544,66,8.25,27.27272727272727,344.0769230769231,8,Normal
929622,16,1.7777777777777777,6.25,149.8181818181818,9,Normal
929626,55,2.5,16.363636363636363,163.93333333333334,22,Normal
929876,114,3.9310344827586206,28.07017543859649,210.9344262295082,29,Normal
929884,56,3.2941176470588234,8.928571428571429,159.44,17,Normal
930020,640,18.823529411764707,30.15625,1952.4444444444443,34,Normal
930186,58,5.2727272727272725,60.3448275862069,366.57894736842104,11,Normal
930242,4,1.0,25.0,74.25,4,Normal
930264,4,1.3333333333333333,0.0,133.0,3,Normal
930326,11,1.375,0.0,156.66666666666666,8,Normal
930510,4,1.0,0.0,161.25,4,Normal
930524,28,3.5,0.0,1147.0,8,Normal
930582,1,1.0,0.0,62.0,1,Normal
930586,224,8.0,45.089285714285715,566.8039215686274,28,Crítico
930590,62,4.133333333333334,25.806451612903224,338.61538461538464,15,Normal
930594,55,3.0555555555555554,32.72727272727273,530.0714285714286,18,Normal
930660,23,3.2857142857142856,47.82608695652174,281.6666666666667,7,Normal
930662,23,2.3,8.695652173913043,134.72727272727272,10,Normal
930690,6,1.2,33.33333333333333,9.4,5,Normal
930692,6,6.0,0.0,58.0,1,Normal
930814,14,1.5555555555555556,14.285714285714285,141.9090909090909,9,Normal
930816,5,1.0,0.0,115.0,5,Normal
930818,3,1.0,0.0,141.0,3,Normal
930820,6,1.0,0.0,58.5,6,Normal
930908,74,3.0833333333333335,21.62162162162162,150.72093023255815,24,Normal
930910,13,1.625,7.6923076923076925,174.6,8,Normal
930912,215,23.88888888888889,54.418604651162795,412.8333333333333,9,Crítico
930914,314,10.827586206896552,42.038216560509554,177.33898305084745,29,Normal
931458,4441,105.73809523809524,24.74667867597388,1863.3428571428572,42,Normal
931914,31,1.7222222222222223,0.0,184.72222222222223,18,Normal
932050,145,20.714285714285715,42.758620689655174,661.7692307692307,7,Normal
932088,12,6.0,16.666666666666664,425.6666666666667,2,Normal
932246,1,1.0,100.0,0.0,1,Normal
932292,103,6.0588235294117645,28.155339805825243,233.5,17,Normal
932304,46,3.5384615384615383,28.26086956521739,193.89473684210526,13,Normal
932460,25,1.7857142857142858,4.0,209.26666666666668,14,Normal
932498,275,39.285714285714285,44.36363636363637,735.8,7,Crítico
932500,1175,51.08695652173913,50.38297872340426,851.96,23,Crítico
932502,759,50.6,41.23847167325428,1216.1176470588234,15,Normal
932672,7,2.3333333333333335,0.0,227.66666666666666,3,Normal
932676,4,4.0,75.0,14.0,1,Normal
932750,29,4.142857142857143,24.137931034482758,217.23076923076923,7,Normal
932754,5,1.25,40.0,13.6,4,Normal
932798,108,4.909090909090909,6.481481481481481,299.29411764705884,22,Normal
932836,326,8.81081081081081,26.993865030674847,322.27659574468083,37,Normal
932856,4,2.0,25.0,337.0,2,Normal
933070,849,169.8,45.46525323910483,2922.25,5,Crítico
933244,86,14.333333333333334,41.86046511627907,570.2,6,Normal
933452,4,1.3333333333333333,75.0,4.25,3,Normal
933804,25,1.7857142857142858,0.0,95.07142857142857,14,Normal
933806,336,14.608695652173912,49.702380952380956,281.82608695652175,23,Crítico
933810,107,10.7,41.1214953271028,265.29411764705884,10,Normal
933832,23,1.4375,0.0,125.75,16,Normal
933986,24,3.0,25.0,112.14285714285714,8,Normal
933996,15,2.142857142857143,60.0,30.083333333333332,7,Normal
934000,10,2.0,10.0,60.0,5,Normal
934074,37,1.9473684210526316,2.7027027027027026,258.94736842105266,19,Normal
934076,11,1.8333333333333333,9.090909090909092,30.857142857142858,6,Normal
934098,6,1.5,33.33333333333333,9.0,4,Normal
934170,8,1.6,0.0,123.8,5,Normal
934188,8,2.6666666666666665,12.5,42.8,3,Normal
934424,6,1.2,0.0,47.8,5,Normal
934426,222,74.0,49.549549549549546,883.8,3,Crítico
934428,36,1.7142857142857142,0.0,251.14285714285714,21,Normal
934430,28,1.2727272727272727,3.571428571428571,206.36363636363637,22,Normal
934432,8,1.3333333333333333,0.0,161.16666666666666,6,Normal
934476,11,11.0,81.81818181818183,8.666666666666666,1,Normal
934534,127,3.5277777777777777,1.574803149606299,223.18421052631578,36,Normal
934608,9,1.2857142857142858,0.0,123.85714285714286,7,Normal
935216,35,2.6923076923076925,28.57142857142857,187.47368421052633,13,Normal
935244,29,7.25,41.37931034482759,500.625,4,Normal
935246,4,1.3333333333333333,75.0,25.666666666666668,3,Normal
935264,59,19.666666666666668,30.508474576271187,748.5,3,Normal
935268,5,1.25,0.0,32.25,4,Normal
935348,316,9.575757575757576,21.518987341772153,331.6829268292683,33,Normal
935394,1,1.0,0.0,130.0,1,Normal
935548,22,1.6923076923076923,9.090909090909092,94.26666666666667,13,Normal
935870,8,1.1428571428571428,0.0,37.857142857142854,7,Normal
935956,3,1.5,0.0,86.33333333333333,2,Normal
935958,35,1.8421052631578947,2.857142857142857,291.35,19,Normal
936110,156,3.9,0.0,424.5853658536585,40,Normal
936296,4,2.0,100.0,0.0,2,Normal
936324,123,6.473684210526316,36.58536585365854,216.11764705882354,19,Normal
936382,391,21.72222222222222,32.22506393861892,606.0526315789474,18,Normal
936514,81,2.7,1.2345679012345678,261.6764705882353,30,Normal
936984,70,2.1875,0.0,213.21875,32,Normal
937156,65,5.416666666666667,43.07692307692308,186.6315789473684,12,Normal
937352,31,2.8181818181818183,35.483870967741936,213.08333333333334,11,Normal
937362,10,3.3333333333333335,30.0,143.0,3,Normal
937366,5,1.25,40.0,71.5,4,Normal
937368,32,2.6666666666666665,37.5,79.0,12,Normal
937370,6,2.0,66.66666666666666,19.5,3,Normal
937372,1171,106.45454545454545,54.48334756618275,1177.5652173913043,11,Crítico
937374,25,1.5625,0.0,141.375,16,Normal
937422,36,6.0,52.77777777777778,83.92307692307692,6,Normal
937428,8,2.0,0.0,53.25,4,Normal
937430,33,5.5,36.36363636363637,50.9,6,Normal
937432,22,4.4,72.72727272727273,24.375,5,Normal
937604,59,2.8095238095238093,42.3728813559322,147.33333333333334,21,Normal
937650,91,18.2,51.64835164835166,341.1666666666667,5,Crítico
937678,175,6.0344827586206895,60.57142857142858,120.63492063492063,29,Crítico
937708,838,27.032258064516128,37.3508353221957,555.8695652173913,31,Normal
937710,1,1.0,100.0,0.0,1,Normal
937716,1,1.0,100.0,0.0,1,Normal
937720,1,1.0,0.0,9.0,1,Normal
937732,307,10.233333333333333,39.73941368078176,268.3614457831325,30,Normal
937736,1437,49.55172413793103,47.11203897007655,559.6373626373627,29,Crítico
937742,19,1.4615384615384615,0.0,104.21428571428571,13,Normal
937750,103,7.923076923076923,27.184466019417474,272.7096774193548,13,Normal
937752,2028,59.64705882352941,46.646942800788956,1242.9591836734694,34,Crítico
937760,1019,33.96666666666667,45.53483807654563,444.5473684210526,30,Crítico
937762,292,8.342857142857143,26.027397260273972,149.70652173913044,35,Normal
937770,1,1.0,100.0,0.0,1,Normal
937772,1,1.0,100.0,0.0,1,Normal
937774,278,21.384615384615383,25.899280575539567,622.9333333333333,13,Normal
937778,1,1.0,100.0,0.0,1,Normal
937780,943,32.51724137931034,39.02439024390244,480.5052631578947,29,Normal
937782,51,2.3181818181818183,27.450980392156865,54.921052631578945,22,Normal
937786,15,5.0,33.33333333333333,146.28571428571428,3,Normal
937788,597,22.11111111111111,43.383584589614735,367.7283950617284,27,Crítico
937808,938,32.3448275862069,42.00426439232409,447.62068965517244,29,Normal
937810,354,11.8,42.3728813559322,173.5568181818182,30,Normal
937812,353,12.607142857142858,22.946175637393768,395.0375,28,Normal
937854,717,23.129032258064516,34.86750348675035,373.17525773195877,31,Normal
937856,39,2.4375,28.205128205128204,63.61538461538461,16,Normal
937860,1648,54.93333333333333,45.93446601941748,1043.4938271604938,30,Crítico
937862,475,16.964285714285715,30.736842105263158,683.8235294117648,28,Normal
937864,97,5.705882352941177,21.649484536082475,347.51851851851853,17,Normal
937868,313,10.793103448275861,28.115015974440894,427.6216216216216,29,Normal
937870,13,4.333333333333333,53.84615384615385,26.0,3,Normal
937872,1,1.0,100.0,0.0,1,Normal
937874,150,30.0,23.333333333333332,550.5625,5,Normal
937880,7,1.75,0.0,65.4,4,Normal
937888,1165,34.26470588235294,43.09012875536481,549.28125,34,Crítico
937898,41,41.0,53.65853658536586,561.2,1,Normal
937900,4,4.0,75.0,30.5,1,Normal
937902,1146,36.96774193548387,36.99825479930192,812.5274725274726,31,Normal
937956,774,17.59090909090909,3.229974160206718,1487.5833333333333,44,Normal
937958,292,6.790697674418604,2.73972602739726,657.6603773584906,43,Normal
937960,204,4.975609756097561,0.9803921568627451,629.0212765957447,41,Normal
937962,106,3.533333333333333,2.8301886792452833,364.6216216216216,30,Normal
937966,1062,35.4,48.11676082862524,500.1847826086956,30,Crítico
937980,227,13.352941176470589,30.837004405286343,368.52,17,Normal
937984,63,4.5,38.095238095238095,77.57692307692308,14,Normal
937988,346,13.84,32.65895953757225,367.23880597014926,25,Normal
938022,279,55.8,43.36917562724014,684.1875,5,Crítico
938070,671,167.75,44.41132637853949,4235.625,4,Crítico
938072,472,118.0,41.73728813559322,2295.5,4,Normal
938074,611,122.2,46.15384615384615,3436.1,5,Crítico
938078,750,150.0,47.599999999999994,3628.090909090909,5,Crítico
938080,660,165.0,41.21212121212121,3964.75,4,Normal
938414,139,10.692307692307692,21.58273381294964,667.6428571428571,13,Normal
938432,9,1.5,0.0,222.5,6,Normal
938612,189,11.117647058823529,16.402116402116402,410.4864864864865,17,Normal
938614,62,3.875,17.741935483870968,147.30434782608697,16,Normal
938842,90,15.0,38.88888888888889,714.8333333333334,6,Normal
938896,3330,77.44186046511628,18.04804804804805,1068.927536231884,43,Normal
939212,17,1.7,41.17647058823529,48.07142857142857,10,Normal
939218,370,14.23076923076923,39.189189189189186,450.82758620689657,26,Normal
939222,907,30.233333333333334,34.61962513781698,728.0,30,Normal
939224,1373,47.3448275862069,51.49308084486526,233.91549295774647,29,Crítico
939236,5,1.6666666666666667,0.0,527.3333333333334,3,Normal
939370,973,24.325,14.799588900308326,1837.263888888889,40,Normal
939376,1336,40.484848484848484,29.041916167664674,1948.6344086021506,33,Normal
939470,748,53.42857142857143,36.36363636363637,1148.1,14,Normal
939474,748,31.166666666666668,24.86631016042781,1313.0967741935483,24,Normal
939476,756,47.25,39.15343915343915,1255.4285714285713,16,Normal
939478,124,6.888888888888889,41.12903225806452,272.48837209302326,18,Normal
939684,148,7.0476190476190474,45.94594594594595,218.075,21,Crítico
939698,3,1.5,0.0,18.0,2,Normal
939706,1542,51.4,18.80674448767834,980.0441176470588,30,Normal
939708,46,7.666666666666667,23.91304347826087,304.1111111111111,6,Normal
939716,24,4.0,20.833333333333336,106.0,6,Normal
939718,10,2.5,90.0,3.75,4,Normal
939736,19,3.1666666666666665,78.94736842105263,19.0,6,Normal
939738,634,21.133333333333333,43.84858044164038,495.6,30,Crítico
939762,2686,63.95238095238095,29.30007446016381,784.9767441860465,42,Normal
939886,281,12.772727272727273,23.843416370106763,499.8222222222222,22,Normal
940430,91,3.7916666666666665,15.384615384615385,301.44444444444446,24,Normal
940432,305,15.25,12.786885245901638,741.6363636363636,20,Normal
940434,259,9.25,15.83011583011583,449.43548387096774,28,Normal
940436,36,4.0,8.333333333333332,300.2857142857143,9,Normal
940438,436,16.14814814814815,23.623853211009173,558.7777777777778,27,Normal
940440,60,3.3333333333333335,13.333333333333334,291.5,18,Normal
940442,493,18.96153846153846,16.63286004056795,564.6805555555555,26,Normal
940456,58,2.9,29.310344827586203,50.72222222222222,20,Normal
940458,89,3.56,20.224719101123593,245.11627906976744,25,Normal
940460,82,4.315789473684211,34.146341463414636,605.7931034482758,19,Normal
940474,26,2.1666666666666665,65.38461538461539,51.333333333333336,12,Normal
940486,23,7.666666666666667,56.52173913043478,159.0,3,Normal
940508,2,2.0,0.0,74.0,1,Normal
940512,1,1.0,0.0,1.0,1,Normal
940514,1,1.0,0.0,6.0,1,Normal
940568,10,2.5,40.0,86.16666666666667,4,Normal
940588,2194,75.65517241379311,2.780309936189608,2837.8529411764707,29,Normal
940596,407,67.83333333333333,36.36363636363637,849.5333333333333,6,Normal
940610,2,1.0,0.0,55.5,2,Normal
940614,571,51.90909090909091,32.22416812609457,832.1428571428571,11,Normal
940616,2971,118.84,34.23089868731067,1256.923076923077,25,Normal
940622,1395,82.05882352941177,21.14695340501792,1068.9661016949153,17,Normal
940624,1738,64.37037037037037,26.409666283084004,1223.2278481012659,27,Normal
940630,2112,72.82758620689656,3.4564393939393936,3039.1639344262294,29,Normal
940634,2055,89.34782608695652,32.21411192214112,1548.4626865671642,23,Normal
940652,1274,63.7,28.80690737833595,1103.6181818181817,20,Normal
940658,2588,103.52,32.496136012364765,1554.2857142857142,25,Normal
940772,2,2.0,0.0,306.0,1,Normal
940782,8,4.0,37.5,63.0,2,Normal
940788,11,1.8333333333333333,36.36363636363637,44.42857142857143,6,Normal
940802,5,2.5,60.0,13.5,2,Normal
940814,2,2.0,50.0,4.5,1,Normal
940828,8,4.0,25.0,65.5,2,Normal
940842,2,1.0,0.0,37.0,2,Normal
940848,2,2.0,50.0,23.5,1,Normal
940952,251,14.764705882352942,33.46613545816733,45.46875,17,Normal
940968,18,1.3846153846153846,0.0,290.38461538461536,13,Normal
941192,1139,43.80769230769231,60.84284460052678,660.8269230769231,26,Crítico
941384,703,22.677419354838708,38.26458036984353,721.3488372093024,31,Normal
941390,370,123.33333333333333,40.81081081081081,843.5714285714286,3,Normal
941628,148,29.6,33.78378378378378,980.9090909090909,5,Normal
941736,10,3.3333333333333335,50.0,36.0,3,Normal
941740,8,2.6666666666666665,25.0,64.5,3,Normal
941786,3,3.0,0.0,309.0,1,Normal
941810,4,2.0,25.0,40.0,2,Normal
941816,1,1.0,0.0,19.0,1,Normal
941826,1,1.0,100.0,0.0,1,Normal
941838,9,3.0,22.22222222222222,24.25,3,Normal
941842,3,1.0,66.66666666666666,34.333333333333336,3,Normal
941844,18,3.0,27.77777777777778,42.7,6,Normal
942174,6,3.0,50.0,154.66666666666666,2,Normal
942214,2,1.0,0.0,38.0,2,Normal
943050,73,73.0,83.56164383561644,493.0,1,Crítico
943066,260,9.62962962962963,18.461538461538463,424.91379310344826,27,Normal
943818,23,7.666666666666667,26.08695652173913,293.8333333333333,3,Normal
944210,160,8.0,7.5,512.1470588235294,20,Normal
944216,368,10.222222222222221,14.945652173913043,432.7752808988764,36,Normal
944218,409,11.054054054054054,11.98044009779951,533.3444444444444,37,Normal
944220,486,13.135135135135135,17.695473251028808,486.08490566037733,37,Normal
944222,529,15.558823529411764,20.03780718336484,539.3125,34,Normal
944226,289,8.027777777777779,17.99307958477509,391.27272727272725,36,Normal
944228,34,3.4,8.823529411764707,346.61538461538464,10,Normal
944246,10,2.0,0.0,256.3333333333333,5,Normal
944310,3,1.5,0.0,126.0,2,Normal
944474,18,4.5,27.77777777777778,21.857142857142858,4,Normal
944476,205,7.068965517241379,6.829268292682928,437.6875,29,Normal
944560,6,1.5,16.666666666666664,16.5,4,Normal
944564,2,1.0,0.0,20.0,2,Normal
944644,171,8.142857142857142,18.128654970760234,209.94,21,Normal
944646,552,21.23076923076923,15.39855072463768,537.5972222222222,26,Normal
944648,46,3.8333333333333335,30.434782608695656,106.28,12,Normal
944764,611,32.1578947368421,14.566284779050736,892.9333333333333,19,Normal
944766,292,24.333333333333332,14.04109589041096,627.1111111111111,12,Normal
944808,229,7.633333333333334,0.0,874.3,30,Normal
944908,2,1.0,0.0,1.5,2,Normal
945046,89,9.88888888888889,19.101123595505616,385.5,9,Normal
945052,75,9.375,20.0,428.6842105263158,8,Normal
945058,5,1.6666666666666667,20.0,15.0,3,Normal
945074,3,3.0,100.0,0.0,1,Normal
945274,1,1.0,0.0,1.0,1,Normal
945278,4001,181.86363636363637,44.08897775556111,4915.818181818182,22,Crítico
945280,2399,114.23809523809524,47.56148395164652,4677.046511627907,21,Crítico
945282,2309,82.46428571428571,31.139021221307928,3505.285714285714,28,Normal
945284,2071,103.55,34.3312409464027,2603.7073170731705,20,Normal
945286,6880,245.71428571428572,52.70348837209302,2365.2096774193546,28,Crítico
945288,2209,122.72222222222223,26.21095518334088,4940.388888888889,18,Normal
945290,3373,105.40625,49.688704417432554,925.515625,32,Crítico
945294,3368,168.4,40.38004750593824,6767.775,20,Normal
945296,2434,69.54285714285714,42.81018898931799,2392.605633802817,35,Normal
945298,1313,69.10526315789474,17.44097486671744,3200.4545454545455,19,Normal
945302,6138,175.37142857142857,51.873574454219614,4621.257142857143,35,Crítico
945304,2576,135.57894736842104,37.03416149068323,6198.6578947368425,19,Normal
945308,1584,99.0,40.97222222222222,4966.548387096775,16,Normal
945310,3311,150.5,44.54847478103292,7174.955555555555,22,Crítico
945312,2146,85.84,31.127679403541475,4397.96,25,Normal
945314,1763,62.964285714285715,43.44866704480999,2008.1016949152543,28,Crítico
945316,2575,85.83333333333333,42.48543689320388,3406.2622950819673,30,Normal
945318,1839,114.9375,36.59597607395323,5243.53125,16,Normal
945320,2177,114.57894736842105,33.302710151584755,5571.710526315789,19,Normal
945322,4775,154.03225806451613,43.70680628272252,3718.746031746032,31,Crítico
945324,2226,92.75,39.487870619946094,2444.1020408163267,24,Normal
945710,1,1.0,0.0,50.0,1,Normal
945728,87,17.4,48.275862068965516,226.125,5,Crítico
945894,1464,162.66666666666666,44.80874316939891,1007.0588235294117,9,Crítico
945898,3,3.0,100.0,0.0,1,Normal
945900,4210,200.47619047619048,44.51306413301663,906.3720930232558,21,Crítico
945902,2835,141.75,48.92416225749559,618.0263157894736,20,Crítico
945904,3813,200.68421052631578,41.62077104642014,1308.4864864864865,19,Normal
946020,1,1.0,0.0,5.0,1,Normal
946032,1,1.0,0.0,95.0,1,Normal
946072,2,2.0,50.0,87.5,1,Normal
946454,13,6.5,100.0,0.0,2,Normal
946468,1,1.0,0.0,18.0,1,Normal
946582,71,6.454545454545454,14.084507042253522,236.0,11,Normal
946916,32,2.909090909090909,0.0,105.9090909090909,11,Normal
946988,8,2.6666666666666665,62.5,29.75,3,Normal
947304,680,40.0,33.52941176470588,778.171875,17,Normal
947306,1,1.0,0.0,21.0,1,Normal
947480,5,2.5,80.0,54.75,2,Normal
947590,166,8.736842105263158,36.144578313253014,154.425,19,Normal
947592,803,57.357142857142854,50.43586550435866,773.8333333333334,14,Crítico
947596,1,1.0,0.0,56.0,1,Normal
947598,412,24.235294117647058,48.786407766990294,221.85,17,Crítico
947600,303,21.642857142857142,55.44554455445545,153.4848484848485,14,Crítico
947604,913,45.65,61.5553121577218,813.304347826087,20,Crítico
947610,21,3.0,28.57142857142857,191.0,7,Normal
947612,108,6.0,32.407407407407405,249.75675675675674,18,Normal
947614,995,58.529411764705884,58.09045226130654,348.275,17,Crítico
947616,1967,98.35,59.430604982206404,712.6521739130435,20,Crítico
947618,1076,71.73333333333333,57.80669144981413,733.7297297297297,15,Crítico
947620,1158,60.94736842105263,68.56649395509498,411.25531914893617,19,Crítico
947636,102,20.4,59.80392156862745,315.1,5,Crítico
947638,1167,64.83333333333333,57.66923736075407,416.6046511627907,18,Crítico
947640,418,34.833333333333336,54.78468899521531,379.3703703703704,12,Crítico
947642,902,53.05882352941177,73.8359201773836,241.35714285714286,17,Crítico
947644,446,23.473684210526315,35.65022421524663,367.46666666666664,19,Normal
947646,1893,126.2,54.780771262546224,970.1428571428571,15,Crítico
947648,2813,156.27777777777777,62.28226093138998,1314.1951219512196,18,Crítico
947650,1603,84.36842105263158,58.390517779164064,1212.7333333333333,19,Crítico
947652,515,36.785714285714285,53.398058252427184,371.28125,14,Crítico
947654,2257,141.0625,68.45369960124059,1340.6,16,Crítico
947658,2668,140.42105263157896,63.26836581709146,836.3877551020408,19,Crítico
947816,40,5.0,27.500000000000004,97.5,8,Normal
947818,45,5.625,13.333333333333334,105.64285714285714,8,Normal
947820,9,9.0,11.11111111111111,163.5,1,Normal
948150,33,8.25,12.121212121212121,125.875,4,Normal
948170,5,1.6666666666666667,0.0,97.33333333333333,3,Normal
948182,563,20.107142857142858,24.51154529307282,391.29333333333335,28,Normal
948282,1,1.0,0.0,60.0,1,Normal
948284,4,1.0,0.0,18.0,4,Normal
948286,319,11.0,4.702194357366771,475.64864864864865,29,Normal
948288,22,2.4444444444444446,4.545454545454546,143.6,9,Normal
948524,4,1.0,0.0,41.25,4,Normal
948756,171,13.153846153846153,30.409356725146196,488.0833333333333,13,Normal
948758,536,35.733333333333334,28.73134328358209,895.1489361702128,15,Normal
949252,3,1.5,0.0,150.0,2,Normal
949420,6,1.5,16.666666666666664,191.4,4,Normal
950444,86,5.0588235294117645,43.02325581395349,897.3571428571429,17,Crítico
950632,1,1.0,0.0,25.0,1,Normal
950634,9,1.125,0.0,14.75,8,Normal
950640,1,1.0,0.0,184.0,1,Normal
950672,54,4.909090909090909,35.18518518518518,207.54166666666666,11,Normal
950806,9,1.8,11.11111111111111,44.0,5,Normal
950972,820,91.11111111111111,32.19512195121951,1726.7272727272727,9,Normal
951046,37,7.4,32.432432432432435,93.45454545454545,5,Normal
951118,4,1.0,0.0,64.5,4,Normal
951186,100,7.6923076923076925,8.0,477.7647058823529,13,Normal
951290,21,3.5,42.857142857142854,144.36363636363637,6,Normal
951332,13,1.625,23.076923076923077,106.375,8,Normal
951408,30,3.0,43.333333333333336,130.3846153846154,10,Normal
951490,27,1.8,3.7037037037037033,227.4375,15,Normal
951492,185,9.25,21.62162162162162,336.1186440677966,20,Normal
951506,237,11.85,13.924050632911392,315.07272727272726,20,Normal
951508,482,25.36842105263158,15.145228215767634,505.73333333333335,19,Normal
951526,15,1.3636363636363635,0.0,94.0909090909091,11,Normal
951614,5,1.6666666666666667,0.0,89.0,3,Normal
951648,161,80.5,52.17391304347826,1181.5,2,Crítico
951650,11,3.6666666666666665,45.45454545454545,42.5,3,Normal
952114,613,68.11111111111111,46.32952691680261,1327.2941176470588,9,Crítico
952116,354,70.8,44.632768361581924,1366.888888888889,5,Crítico
952126,7,1.4,0.0,63.4,5,Normal
952196,4,1.3333333333333333,25.0,22.5,3,Normal
952292,2,2.0,0.0,451.0,1,Normal
952392,1496,83.11111111111111,64.50534759358288,957.9090909090909,18,Crítico
952458,1556,103.73333333333333,57.390745501285345,1191.4594594594594,15,Crítico
952460,177,14.75,54.80225988700565,370.6521739130435,12,Crítico
952462,9,1.5,11.11111111111111,75.0,6,Normal
952466,88,88.0,62.5,366.0,1,Crítico
952468,1127,86.6923076923077,65.74977817213842,872.2432432432432,13,Crítico
952656,42,3.230769230769231,28.57142857142857,120.84,13,Normal
952666,1,1.0,0.0,56.0,1,Normal
952678,1,1.0,0.0,91.0,1,Normal
952734,409,21.526315789473685,0.0,5908.526315789473,19,Normal
952914,658,34.63157894736842,37.38601823708207,656.5102040816327,19,Normal
952916,8,2.0,12.5,101.4,4,Normal
952948,4720,181.53846153846155,9.34322033898305,4910.729166666667,26,Normal
952954,2,1.0,0.0,7.5,2,Normal
952968,3,1.5,0.0,10.0,2,Normal
952982,8,1.3333333333333333,0.0,65.16666666666667,6,Normal
953362,10,10.0,80.0,97.5,1,Normal
953458,59,14.75,49.152542372881356,749.8333333333334,4,Normal
953460,7,1.75,85.71428571428571,2.1666666666666665,4,Normal
953462,684,68.4,67.54385964912281,2250.233333333333,10,Crítico
953464,369,20.5,57.18157181571816,436.47727272727275,18,Crítico
953940,1,1.0,0.0,17.0,1,Normal
953952,7,2.3333333333333335,0.0,190.66666666666666,3,Normal
954086,32,16.0,0.0,158.5,2,Normal
954284,1,1.0,100.0,0.0,1,Normal
954290,10,1.4285714285714286,0.0,153.0,7,Normal
954318,2,1.0,50.0,6.0,2,Normal
954376,4,2.0,50.0,8.0,2,Normal
954378,8,4.0,62.5,33.6,2,Normal
954380,4,2.0,75.0,24.333333333333332,2,Normal
954616,7,1.1666666666666667,0.0,67.33333333333333,6,Normal
954642,385,48.125,35.064935064935064,1083.8125,8,Normal
954650,1299,64.95,21.016166281755197,1060.8412698412699,20,Normal
954750,292,17.176470588235293,8.561643835616438,554.25,17,Normal
954810,37,3.3636363636363638,0.0,248.8181818181818,11,Normal
955032,72,6.0,25.0,143.11111111111111,12,Normal
955068,2,2.0,100.0,0.0,1,Normal
955082,14,2.0,50.0,16.444444444444443,7,Normal
955086,1,1.0,0.0,8.0,1,Normal
955090,26,2.6,15.384615384615385,77.83333333333333,10,Normal
955094,2,2.0,0.0,6.0,1,Normal
955164,5,1.6666666666666667,20.0,27.0,3,Normal
955436,1,1.0,0.0,120.0,1,Normal
955820,9,1.8,55.55555555555556,25.666666666666668,5,Normal
956080,5,1.6666666666666667,0.0,395.6666666666667,3,Normal
956268,28,7.0,39.285714285714285,44.77777777777778,4,Normal
956276,17,8.5,35.294117647058826,50.42857142857143,2,Normal
956292,5,2.5,0.0,19.0,2,Normal
956298,14,1.75,42.857142857142854,183.3,8,Normal
956480,86,5.0588235294117645,0.0,597.1176470588235,17,Normal
956484,13,1.4444444444444444,0.0,185.0,9,Normal
956664,1,1.0,0.0,99.0,1,Normal
957022,18,6.0,55.55555555555556,70.0,3,Normal
957922,19,3.8,21.052631578947366,566.7777777777778,5,Normal
958394,22,2.2,0.0,419.7,10,Normal
958416,308,25.666666666666668,31.16883116883117,665.5135135135135,12,Normal
958418,466,35.84615384615385,28.32618025751073,897.4285714285714,13,Normal
958430,306,23.53846153846154,23.202614379084967,622.5555555555555,13,Normal
958432,162,11.571428571428571,19.1358024691358,254.86,14,Normal
958434,161,12.384615384615385,26.08695652173913,328.59090909090907,13,Normal
958440,81,6.75,13.580246913580247,548.75,12,Normal
958444,64,4.923076923076923,7.8125,118.05,13,Normal
958452,450,34.61538461538461,26.222222222222225,778.8235294117648,13,Normal
958454,26,2.6,19.230769230769234,61.92857142857143,10,Normal
958456,852,77.45454545454545,35.563380281690144,1071.942857142857,11,Normal
958458,1,1.0,100.0,0.0,1,Normal
958460,215,15.357142857142858,15.348837209302326,328.0566037735849,14,Normal
958468,523,40.23076923076923,26.38623326959847,1151.3170731707316,13,Normal
958470,16,2.0,37.5,181.58333333333334,8,Normal
958472,28,3.111111111111111,53.57142857142857,111.6923076923077,9,Normal
958478,309,30.9,40.1294498381877,1355.344827586207,10,Normal
958480,138,34.5,67.3913043478261,236.85714285714286,4,Crítico
958640,21,2.1,19.047619047619047,153.84615384615384,10,Normal
958672,49,3.5,18.367346938775512,98.31818181818181,14,Normal
959118,14,3.5,28.57142857142857,150.83333333333334,4,Normal
959312,201,16.75,43.78109452736319,397.7,12,Crítico
959596,9,9.0,88.88888888888889,99.5,1,Normal
960294,297,42.42857142857143,55.55555555555556,702.9333333333333,7,Crítico
960296,172,34.4,59.883720930232556,488.09090909090907,5,Crítico
960620,108,10.8,23.14814814814815,260.39285714285717,10,Normal
960648,112,11.2,26.785714285714285,510.44,10,Normal
960666,1,1.0,0.0,125.0,1,Normal
960670,3,1.5,33.33333333333333,50.0,2,Normal
960672,219,27.375,26.027397260273972,823.7,8,Normal
960674,2,2.0,100.0,0.0,1,Normal
960698,6,2.0,0.0,492.0,3,Normal
960950,14,2.0,35.714285714285715,135.75,7,Normal
961064,927,115.875,40.1294498381877,1685.8636363636363,8,Normal
961552,14,7.0,35.714285714285715,114.4,2,Normal
961770,79,5.266666666666667,0.0,184.0,15,Normal
962062,15,1.875,0.0,75.25,8,Normal
962168,4,1.0,0.0,70.75,4,Normal
962268,132,12.0,29.545454545454547,238.57142857142858,11,Normal
962658,651,46.5,15.053763440860216,724.6111111111111,14,Normal
962902,622,51.833333333333336,15.27331189710611,740.195652173913,12,Normal
962904,2,2.0,100.0,0.0,1,Normal
963716,1,1.0,0.0,25.0,1,Normal
964510,146,18.25,25.34246575342466,364.28,8,Normal
964518,2,2.0,0.0,13.0,1,Normal
964666,857,142.83333333333334,35.3558926487748,2485.2272727272725,6,Normal
964712,15,7.5,33.33333333333333,28.333333333333332,2,Normal
964716,296,37.0,11.824324324324325,1481.1764705882354,8,Normal
965232,37,12.333333333333334,27.027027027027028,229.375,3,Normal
965328,28,4.666666666666667,28.57142857142857,141.625,6,Normal
965538,475,67.85714285714286,43.57894736842105,2806.1428571428573,7,Crítico
965540,807,89.66666666666667,35.31598513011153,3841.222222222222,9,Normal
965542,681,136.2,41.99706314243759,4020.0,5,Normal
965544,1277,212.83333333333334,52.31010180109632,6053.923076923077,6,Crítico
965942,4,4.0,0.0,107.5,1,Normal
966158,37,4.625,27.027027027027028,373.0,8,Normal
966686,3,3.0,0.0,177.0,1,Normal
967204,3,1.0,33.33333333333333,5.0,3,Normal
967310,53,10.6,43.39622641509434,96.14285714285714,5,Normal
968150,95,15.833333333333334,31.57894736842105,925.1428571428571,6,Normal
968232,1,1.0,0.0,114.0,1,Normal
968338,226,32.285714285714285,29.646017699115045,638.6315789473684,7,Normal
968368,2,1.0,0.0,27.0,2,Normal
968520,5,5.0,0.0,33.0,1,Normal
969262,1,1.0,100.0,0.0,1,Normal
969268,5,2.5,0.0,70.5,2,Normal
969272,382,54.57142857142857,23.298429319371728,453.8666666666667,7,Normal
969284,1,1.0,100.0,0.0,1,Normal
969286,8,2.6666666666666665,37.5,246.6,3,Normal
969288,5,1.6666666666666667,40.0,146.33333333333334,3,Normal
969294,96,19.2,9.375,758.8,5,Normal
969380,8,4.0,87.5,50.0,2,Normal
969386,54,10.8,42.592592592592595,208.25,5,Normal
969600,19,9.5,0.0,3911.5,2,Normal
970240,2,2.0,50.0,10.0,1,Normal
970242,10,10.0,70.0,368.6666666666667,1,Normal
970244,4,4.0,25.0,49.333333333333336,1,Normal
970250,1,1.0,100.0,0.0,1,Normal
970252,6,6.0,50.0,48.333333333333336,1,Normal
970254,12,12.0,41.66666666666667,45.8,1,Normal
970258,1,1.0,100.0,0.0,1,Normal
970484,7,3.5,71.42857142857143,25.0,2,Normal
970486,6,3.0,33.33333333333333,75.0,2,Normal
971100,3,1.5,0.0,73.0,2,Normal
971102,76,19.0,0.0,2653.0,4,Normal
971354,6,3.0,0.0,371.5,2,Normal
972408,6,6.0,33.33333333333333,100.0,1,Normal
972410,77,38.5,48.05194805194805,944.25,2,Crítico
972412,61,30.5,40.98360655737705,699.6,2,Normal
972460,51,25.5,54.90196078431373,174.0,2,Normal
973120,3,3.0,66.66666666666666,2.5,1,Normal
973286,2,2.0,0.0,17.0,1,Normal
